n,flag,time
1,-O0,0.022093
1,-O3,3e-06
2,-O0,0.017764
2,-O3,2e-06
4,-O0,0.015906
4,-O3,5e-06
8,-O0,0.016381
8,-O3,3e-06
16,-O0,0.015478
16,-O3,2e-06
32,-O0,0.01602
32,-O3,2e-06
